{
  "metadata": {
    "name": "Wiki Dịch",
    "author": "Alex",
    "version": 1,
    "source": "https://wikicv.net",
    "regexp": "(www\\.)?(.*?)wikicv\\.net/truyen/[^/]+/?$",
    "description": "WikiCV - Wiki Dịch",
    "locale": "vi_VN",
    "type": "novel",
    "language": "javascript"
  },
  "script": {
    "home": "home.js",
    "genre": "genre.js",
    "detail": "detail.js",
    "search": "search.js",
    "toc": "toc.js",
    "chap": "chap.js"
  },
  "config": {
    "thread_num": 1,
    "delay": 3000
  }
}